timestamp,ear,mar,eyes_closed,yawning,drowsy,alarm_triggered,fps
2026-05-18T15:04:08.208,0.0000,0.0000,False,False,False,False,17.7
2026-05-18T15:04:08.740,0.3471,0.2931,False,False,False,False,22.3
2026-05-18T15:04:09.273,0.2410,0.3174,True,False,False,False,28.3
2026-05-18T15:04:09.890,0.2088,0.2257,True,False,False,False,26.0
2026-05-18T15:04:10.401,0.0000,0.0000,False,False,False,False,26.5
2026-05-18T15:04:10.925,0.0000,0.0000,False,False,False,False,28.9
2026-05-18T15:04:11.417,0.0000,0.0000,False,False,False,False,29.5
2026-05-18T15:04:11.919,0.0000,0.0000,False,False,False,False,30.1
2026-05-18T15:04:12.416,0.0000,0.0000,False,False,False,False,30.0
2026-05-18T15:04:12.946,0.0000,0.0000,False,False,False,False,29.2
2026-05-18T15:04:13.432,0.0000,0.0000,False,False,False,False,29.2
2026-05-18T15:04:13.951,0.0000,0.0000,False,False,False,False,29.8
2026-05-18T15:04:14.496,0.2716,0.3277,False,False,False,False,29.0
2026-05-18T15:04:15.086,0.0000,0.0000,False,False,False,False,26.3
2026-05-18T15:04:15.651,0.2511,0.3276,False,False,False,False,25.9
2026-05-18T15:04:16.173,0.0000,0.0000,False,False,False,False,27.5
2026-05-18T15:04:16.724,0.2830,0.3276,False,False,False,False,28.1
2026-05-18T15:04:17.235,0.2682,0.3161,False,False,False,False,28.3
2026-05-18T15:04:17.832,0.2778,0.3264,False,False,False,False,27.1
2026-05-18T15:04:18.418,0.2015,0.3225,True,False,False,False,25.2
2026-05-18T15:04:19.068,0.1685,0.3608,True,False,False,False,24.5
2026-05-18T15:04:19.675,0.1696,0.3309,True,False,True,True,23.8
2026-05-18T15:04:20.334,0.1571,0.3227,True,False,True,True,23.6
2026-05-18T15:04:20.991,0.3738,0.3592,False,False,False,False,22.7
2026-05-18T15:04:21.601,0.2719,0.3421,False,False,False,False,23.7
2026-05-18T15:04:22.270,0.1920,0.2955,True,False,False,False,23.4
2026-05-18T15:04:22.844,0.2877,0.2978,False,False,False,False,24.2
2026-05-18T15:04:23.437,0.2767,0.2706,False,False,False,False,25.6
2026-05-18T15:04:23.997,0.2142,0.3080,True,False,False,False,26.0
2026-05-18T15:04:24.591,0.2257,0.3058,True,False,True,True,26.0
2026-05-18T15:04:25.279,0.1821,0.2884,True,False,False,False,23.4
2026-05-18T15:04:25.880,0.1935,0.3175,True,False,True,True,23.6
2026-05-18T15:04:26.618,0.1709,0.3155,True,False,True,True,22.3
2026-05-18T15:04:27.324,0.1864,0.3229,True,False,True,True,20.9
2026-05-18T15:04:27.995,0.1709,0.3274,True,False,True,True,21.7
2026-05-18T15:04:28.671,0.2542,0.3214,False,False,False,False,22.1
2026-05-18T15:04:29.274,0.3557,0.3585,False,False,False,False,23.4
2026-05-18T15:04:29.831,0.0000,0.0000,False,False,False,False,25.8
2026-05-18T15:04:30.395,0.3170,0.3325,False,False,False,False,27.0
2026-05-18T15:04:30.937,0.2838,0.3382,False,False,False,False,27.0
2026-05-18T15:04:31.408,0.0000,0.0000,False,False,False,False,29.6
2026-05-18T15:04:31.914,0.0000,0.0000,False,False,False,False,30.5
2026-05-18T15:04:32.422,0.0000,0.0000,False,False,False,False,29.6
2026-05-18T15:04:32.966,0.3366,0.3696,False,False,False,False,28.7
2026-05-18T15:04:33.538,0.3629,0.3512,False,False,False,False,27.0
2026-05-18T15:04:34.064,0.3476,0.3798,False,False,False,False,27.4
2026-05-18T15:04:34.630,0.0000,0.0000,False,False,False,False,27.8
2026-05-18T15:04:35.116,0.0000,0.0000,False,False,False,False,28.3
2026-05-18T15:04:35.657,0.0000,0.0000,False,False,False,False,29.2
2026-05-18T15:04:36.155,0.0000,0.0000,False,False,False,False,28.8
2026-05-18T15:04:36.763,0.3049,0.3444,False,False,False,False,27.2
2026-05-18T15:04:37.265,0.0000,0.0000,False,False,False,False,26.8
2026-05-18T15:04:38.252,0.0000,0.0000,False,False,False,False,19.9
2026-05-18T15:04:39.245,0.0000,0.0000,False,False,False,False,15.0
2026-05-18T15:04:40.262,0.3125,0.4607,False,False,False,False,15.0
2026-05-18T15:04:41.268,0.2860,0.3314,False,False,False,False,15.0
2026-05-18T15:04:42.256,0.0000,0.0000,False,False,False,False,15.0
2026-05-18T15:04:43.267,0.0000,0.0000,False,False,False,False,15.0
2026-05-18T15:04:44.280,0.2053,0.3179,True,False,False,False,15.0
2026-05-18T15:04:45.283,0.2000,0.3265,True,False,False,False,14.9
2026-05-18T15:04:46.280,0.2042,0.3225,True,False,True,True,15.0
2026-05-18T15:04:47.286,0.1666,0.3152,True,False,True,True,15.0
2026-05-18T15:04:48.290,0.3104,0.3276,False,False,False,False,14.9
2026-05-18T15:04:49.284,0.1640,0.3182,True,False,False,False,15.0
2026-05-18T15:04:50.300,0.1594,0.2983,True,False,True,True,15.0
2026-05-18T15:04:51.301,0.1497,0.3014,True,False,True,True,15.0
2026-05-18T15:04:52.308,0.2583,0.3185,False,False,False,False,14.9
2026-05-18T15:04:53.296,0.2863,0.2205,False,False,False,False,15.0
2026-05-18T15:04:54.307,0.3140,0.3984,False,False,False,False,15.0
2026-05-18T15:04:55.316,0.3729,0.3800,False,False,False,False,14.9
2026-05-18T15:04:56.373,0.3034,0.3306,False,False,False,False,14.8
2026-05-18T15:04:57.324,0.2684,0.3372,False,False,False,False,15.0
2026-05-18T15:04:58.319,0.3476,0.3086,False,False,False,False,15.2
2026-05-18T15:04:59.335,0.3153,0.3353,False,False,False,False,14.9
2026-05-18T15:05:00.321,0.3226,0.3694,False,False,False,False,15.0
2026-05-18T15:05:01.328,0.3431,0.3618,False,False,False,False,15.0
2026-05-18T15:05:02.196,0.3405,0.3241,False,False,False,False,16.1
2026-05-18T15:05:03.110,0.3043,0.3067,False,False,False,False,16.9
2026-05-18T15:05:04.106,0.3414,0.3320,False,False,False,False,15.5
2026-05-18T15:05:05.108,0.3341,0.2802,False,False,False,False,15.0
2026-05-18T15:05:06.111,0.0000,0.0000,False,False,False,False,15.0
2026-05-18T15:05:07.112,0.2592,0.3193,False,False,False,False,15.0
2026-05-18T15:05:08.106,0.0000,0.0000,False,False,False,False,15.0
2026-05-18T15:05:09.118,0.0000,0.0000,False,False,False,False,15.0
2026-05-18T15:05:10.127,0.0000,0.0000,False,False,False,False,14.9
2026-05-18T15:05:11.114,0.0000,0.0000,False,False,False,False,15.0
2026-05-18T15:05:12.134,0.1667,0.3127,True,False,False,False,15.0
2026-05-18T15:05:13.145,0.2130,0.3226,True,False,True,True,14.9
2026-05-18T15:05:14.139,0.2310,0.2652,True,False,False,False,15.0
2026-05-18T15:05:15.142,0.0000,0.0000,False,False,False,False,15.0
2026-05-18T15:05:16.153,0.3328,0.5787,False,False,False,False,15.0
2026-05-18T15:05:17.156,0.2091,0.5296,True,False,False,False,14.9
2026-05-18T15:05:18.165,0.1922,0.3641,True,False,True,True,15.0
2026-05-18T15:05:19.159,0.2877,0.3627,False,False,False,False,15.0
2026-05-18T15:05:20.170,0.3282,0.3286,False,False,False,False,14.9
2026-05-18T15:05:21.307,0.3112,0.3094,False,False,False,False,13.9
2026-05-18T15:05:22.296,0.2861,0.4393,False,False,False,False,14.1
2026-05-18T15:05:23.444,0.2240,0.3099,True,False,False,False,14.3
2026-05-18T15:05:24.362,0.0000,0.0000,False,False,False,False,14.5
2026-05-18T15:05:25.380,0.2605,0.2798,False,False,False,False,15.3
2026-05-18T15:05:26.384,0.2070,0.3971,True,False,False,False,15.0
2026-05-18T15:05:27.383,0.2265,0.3484,True,False,False,False,15.0
2026-05-18T15:05:28.391,0.2041,0.3659,True,False,False,False,15.0
2026-05-18T15:05:29.410,0.3531,0.3192,False,False,False,False,14.9
2026-05-18T15:05:30.392,0.3391,0.3020,False,False,False,False,15.0
2026-05-18T15:05:31.400,0.3163,0.2053,False,False,False,False,15.0
2026-05-18T15:05:32.411,0.2553,0.3175,False,False,False,False,14.9
2026-05-18T15:05:33.400,0.2531,0.3786,False,False,False,False,15.0
2026-05-18T15:05:34.399,0.2770,0.3677,False,False,False,False,15.0
2026-05-18T15:05:35.428,0.2173,0.3116,True,False,False,False,15.0
2026-05-18T15:05:36.421,0.1964,0.3923,True,False,False,False,14.9
2026-05-18T15:05:37.421,0.1766,0.4618,True,False,True,True,15.0
2026-05-18T15:05:38.427,0.3263,0.3791,False,False,False,False,15.0
2026-05-18T15:05:39.430,0.2008,0.4286,True,False,False,False,14.9
2026-05-18T15:05:40.424,0.3096,0.3490,False,False,False,False,15.0
2026-05-18T15:05:41.447,0.2050,0.2255,True,False,False,False,15.0
2026-05-18T15:05:42.444,0.2305,0.4931,True,False,False,False,15.0
2026-05-18T15:05:43.430,0.2550,0.3836,False,False,False,False,15.0
2026-05-18T15:05:44.442,0.2776,0.3556,False,False,False,False,15.0
2026-05-18T15:05:45.463,0.2584,0.2923,False,False,False,False,15.0
2026-05-18T15:05:46.455,0.3115,0.3653,False,False,False,False,14.9
2026-05-18T15:05:47.445,0.3050,0.3552,False,False,False,False,15.0
2026-05-18T15:05:48.450,0.2767,0.3377,False,False,False,False,15.0
2026-05-18T15:05:49.458,0.2662,0.3437,False,False,False,False,15.0
2026-05-18T15:05:50.451,0.2556,0.4608,False,False,False,False,15.0
2026-05-18T15:05:51.459,0.3356,0.2388,False,False,False,False,15.0
2026-05-18T15:05:52.469,0.1944,0.5142,True,False,False,False,15.0
2026-05-18T15:05:53.486,0.3502,0.3646,False,False,False,False,14.9
2026-05-18T15:05:54.474,0.3402,0.3047,False,False,False,False,15.0
2026-05-18T15:27:43.185,0.0000,0.0000,False,False,False,False,13.1
2026-05-18T15:27:43.703,0.0000,0.0000,False,False,False,False,18.3
2026-05-18T15:27:44.227,0.2535,0.3087,False,False,False,False,29.5
2026-05-18T15:27:44.798,0.3353,0.3411,False,False,False,False,28.3
2026-05-18T15:27:45.377,0.3044,0.3419,False,False,False,False,26.6
2026-05-18T15:27:46.033,0.2615,0.3456,False,False,False,False,24.7
2026-05-18T15:27:46.620,0.2935,0.3260,False,False,False,False,24.4
2026-05-18T15:27:47.263,0.2642,0.3101,False,False,False,False,24.7
2026-05-18T15:27:47.875,0.2750,0.3256,False,False,False,False,24.8
2026-05-18T15:27:48.396,0.2104,0.3033,True,False,False,False,26.9
2026-05-18T15:27:49.176,0.2657,0.2994,False,False,False,False,23.5
2026-05-18T15:27:49.842,0.0000,0.0000,False,False,False,False,20.9
2026-05-18T15:27:50.478,0.2575,0.3296,False,False,False,False,23.2
2026-05-18T15:27:51.216,0.0000,0.0000,False,False,False,False,22.3
2026-05-18T15:27:51.879,0.0000,0.0000,False,False,False,False,21.9
2026-05-18T15:27:52.441,0.0000,0.0000,False,False,False,False,25.1
2026-05-18T15:27:53.107,0.3283,0.3256,False,False,False,False,25.1
2026-05-18T15:27:53.664,0.3120,0.3460,False,False,False,False,24.8
2026-05-18T15:27:54.318,0.0000,0.0000,False,False,False,False,25.2
2026-05-18T15:27:54.843,0.0000,0.0000,False,False,False,False,26.0
2026-05-18T15:27:55.472,0.3000,0.3534,False,False,False,False,26.5
2026-05-18T15:27:56.212,0.0000,0.0000,False,False,False,False,22.3
2026-05-18T15:27:57.542,0.2212,0.3543,True,False,False,False,14.7
2026-05-18T15:27:59.016,0.1936,0.3618,True,False,False,False,10.7
2026-05-18T15:27:59.874,0.0000,0.0000,False,False,False,False,12.8
2026-05-18T15:28:00.500,0.0000,0.0000,False,False,False,False,20.4
2026-05-18T15:28:01.188,0.2446,0.3418,True,False,False,False,23.5
2026-05-18T15:28:01.910,0.2184,0.3459,True,False,True,True,21.6
2026-05-18T15:28:02.716,0.2190,0.3499,True,False,True,True,19.8
2026-05-18T15:28:03.473,0.2186,0.3663,True,False,False,False,19.4
2026-05-18T15:28:04.119,0.0000,0.0000,False,False,False,False,21.9
2026-05-18T15:28:04.697,0.0000,0.0000,False,False,False,False,25.0
2026-05-18T15:28:05.256,0.0000,0.0000,False,False,False,False,26.8
2026-05-18T15:28:05.833,0.0000,0.0000,False,False,False,False,26.8
2026-05-18T15:28:06.517,0.2271,0.3548,True,False,False,False,24.2
2026-05-18T15:28:07.132,0.2255,0.3464,True,False,False,False,23.4
2026-05-18T15:28:07.734,0.2284,0.3378,True,False,False,False,24.9
2026-05-18T15:28:08.336,0.2061,0.3384,True,False,False,False,25.4
2026-05-18T15:28:09.032,0.2214,0.3255,True,False,True,True,23.4
2026-05-18T15:28:09.680,0.2132,0.2992,True,False,True,True,22.5
2026-05-18T15:28:11.096,0.2038,0.3287,True,False,True,True,14.7
2026-05-18T15:28:12.620,0.2470,0.3860,True,False,False,False,10.6
2026-05-18T15:28:14.152,0.0000,0.0000,False,False,False,False,10.2
2026-05-18T15:28:14.902,0.0000,0.0000,False,False,False,False,13.1
2026-05-18T15:28:15.542,0.0000,0.0000,False,False,False,False,22.2
2026-05-18T15:28:16.127,0.0000,0.0000,False,False,False,False,25.4
2026-05-18T15:28:16.853,0.0000,0.0000,False,False,False,False,23.5
2026-05-18T15:28:17.545,0.0000,0.0000,False,False,False,False,21.4
2026-05-18T15:28:18.125,0.0000,0.0000,False,False,False,False,24.0
2026-05-18T15:28:18.660,0.0000,0.0000,False,False,False,False,27.7
2026-05-18T15:28:19.178,0.0000,0.0000,False,False,False,False,29.2
2026-05-18T15:28:19.755,0.0000,0.0000,False,False,False,False,27.9
2026-05-18T15:28:20.623,0.0000,0.0000,False,False,False,False,21.3
2026-05-18T15:28:21.463,0.0000,0.0000,False,False,False,False,18.0
2026-05-18T15:28:22.009,0.2829,0.3191,False,False,False,False,21.7
2026-05-18T15:28:22.536,0.0000,0.0000,False,False,False,False,28.6
2026-05-18T15:28:23.117,0.0000,0.0000,False,False,False,False,27.3
2026-05-18T15:28:23.866,0.3332,0.3799,False,False,False,False,23.3
2026-05-18T15:28:24.711,0.2529,0.3790,False,False,False,False,18.9
2026-05-18T15:28:25.323,0.2005,0.4088,True,False,False,False,20.7
2026-05-18T15:28:25.960,0.2285,0.3202,True,False,False,False,24.4
2026-05-18T15:28:26.725,0.2138,0.2369,True,False,False,False,21.5
2026-05-18T15:28:27.320,0.2005,0.2562,True,False,False,False,22.5
2026-05-18T15:28:28.450,0.1785,0.2493,True,False,False,False,17.6
2026-05-18T15:28:29.010,0.0000,0.0000,False,False,False,False,17.8
2026-05-18T15:28:29.568,0.0000,0.0000,False,False,False,False,27.6
2026-05-18T15:28:30.164,0.2715,0.3677,False,False,False,False,26.4
2026-05-18T15:28:30.744,0.2229,0.4077,True,False,False,False,25.8
2026-05-18T15:28:31.457,0.2166,0.4476,True,False,False,False,24.3
2026-05-18T15:28:32.583,0.2628,0.4180,False,False,False,False,16.9
2026-05-18T15:28:33.099,0.2444,0.3929,True,False,False,False,18.4
2026-05-18T15:28:33.624,0.0000,0.0000,False,False,False,False,29.5
2026-05-18T15:28:34.132,0.0000,0.0000,False,False,False,False,29.5
2026-05-18T15:28:34.651,0.0000,0.0000,False,False,False,False,29.7
2026-05-18T15:28:35.218,0.2889,0.3656,False,False,False,False,28.2
2026-05-18T15:28:36.025,0.2895,0.3403,False,False,False,False,22.1
2026-05-18T15:28:36.634,0.2954,0.3370,False,False,False,False,21.2
2026-05-18T15:28:37.204,0.2731,0.3368,False,False,False,False,25.7
2026-05-18T15:28:37.724,0.0000,0.0000,False,False,False,False,27.9
2026-05-18T15:28:38.263,0.0000,0.0000,False,False,False,False,28.8
2026-05-18T15:28:38.803,0.0000,0.0000,False,False,False,False,28.0
2026-05-18T15:28:39.583,0.3122,0.3878,False,False,False,False,23.7
2026-05-18T15:28:40.292,0.1636,0.3629,True,False,False,False,20.4
2026-05-18T15:28:40.854,0.2320,0.4127,True,False,False,False,24.2
2026-05-18T15:28:41.389,0.2330,0.3761,True,False,False,False,27.8
2026-05-18T15:28:41.958,0.1772,0.3659,True,False,False,False,27.5
2026-05-18T15:28:42.653,0.1974,0.3621,True,False,True,True,24.0
2026-05-18T15:28:43.791,0.2980,0.3554,False,False,False,False,16.5
2026-05-18T15:28:44.630,0.2041,0.3777,True,False,False,False,15.2
2026-05-18T15:28:45.411,0.2797,0.3706,False,False,False,False,18.6
2026-05-18T15:28:45.965,0.2944,0.3338,False,False,False,False,22.7
2026-05-18T15:28:46.517,0.2993,0.3410,False,False,False,False,27.8
2026-05-18T15:28:47.426,0.2686,0.3588,False,False,False,False,20.8
2026-05-18T15:28:48.066,0.2281,0.3559,True,False,False,False,19.5
2026-05-18T15:28:48.628,0.2299,0.3411,True,False,False,False,25.3
2026-05-18T15:28:49.190,0.2512,0.3551,False,False,False,False,27.1
2026-05-18T15:28:49.725,0.2179,0.3375,True,False,False,False,28.1
2026-05-18T15:28:50.264,0.2089,0.3494,True,False,False,False,28.4
2026-05-18T15:28:51.081,0.3001,0.3876,False,False,False,False,22.6
2026-05-18T15:28:51.756,0.3036,0.3038,False,False,False,False,20.1
2026-05-18T15:28:52.340,0.1646,0.3956,True,False,False,False,24.5
2026-05-18T15:28:52.880,0.1975,0.3251,True,False,False,False,27.3
2026-05-18T15:28:53.394,0.2101,0.3484,True,False,False,False,28.8
2026-05-18T15:28:54.024,0.2067,0.3528,True,False,True,True,26.7
2026-05-18T15:28:55.054,0.2474,0.3793,True,False,False,False,18.2
2026-05-18T15:28:55.663,0.3093,0.3726,False,False,False,False,18.3
2026-05-18T15:28:56.258,0.2442,0.3529,True,False,False,False,25.3
2026-05-18T15:28:56.869,0.2284,0.3838,True,False,False,False,25.6
2026-05-18T15:28:57.464,0.2110,0.3582,True,False,True,True,25.6
2026-05-18T15:28:58.330,0.2302,0.3474,True,False,True,True,21.5
2026-05-18T15:28:59.039,0.1538,0.3282,True,False,False,False,19.0
2026-05-18T15:28:59.636,0.1561,0.2816,True,False,True,True,23.4
2026-05-18T15:29:00.253,0.1969,0.3920,True,False,False,False,25.1
2026-05-18T15:29:00.998,0.2373,0.3599,True,False,True,True,22.3
2026-05-18T15:29:01.783,0.1888,0.3298,True,False,True,True,20.1
2026-05-18T15:29:02.649,0.2743,0.3957,False,False,False,False,18.1
2026-05-18T15:29:03.355,0.3044,0.3461,False,False,False,False,19.3
2026-05-18T15:29:04.002,0.2808,0.3638,False,False,False,False,22.4
2026-05-18T15:29:04.601,0.2827,0.3494,False,False,False,False,24.3
2026-05-18T15:29:05.525,0.2405,0.3587,True,False,False,False,20.5
2026-05-18T15:29:06.442,0.3000,0.3583,False,False,False,False,16.6
2026-05-18T15:29:07.095,0.2740,0.4584,False,False,False,False,19.4
2026-05-18T15:29:07.716,0.2915,0.4401,False,False,False,False,24.1
2026-05-18T15:29:08.304,0.3353,0.3873,False,False,False,False,25.1
2026-05-18T15:29:09.064,0.3054,0.4025,False,False,False,False,23.2
2026-05-18T15:29:09.864,0.2273,0.4033,True,False,False,False,19.4
2026-05-18T15:29:10.613,0.2505,0.4009,False,False,False,False,19.8
2026-05-18T15:29:11.388,0.2477,0.3450,True,False,False,False,19.9
2026-05-18T15:29:11.965,0.3321,0.3693,False,False,False,False,22.5
2026-05-18T15:29:12.527,0.2629,0.3878,False,False,False,False,27.3
2026-05-18T15:29:13.590,0.0000,0.0000,False,False,False,False,18.7
2026-05-18T15:29:14.386,0.3045,0.3689,False,False,False,False,16.2
2026-05-18T15:29:14.965,0.2593,0.3717,False,False,False,False,22.3
2026-05-18T15:29:15.535,0.0000,0.0000,False,False,False,False,27.0
2026-05-18T15:29:16.098,0.0000,0.0000,False,False,False,False,27.2
2026-05-18T15:29:17.008,0.0000,0.0000,False,False,False,False,20.6
2026-05-18T15:29:17.775,0.2797,0.3260,False,False,False,False,17.9
2026-05-18T15:29:18.334,0.2642,0.3108,False,False,False,False,22.9
2026-05-18T15:29:18.849,0.2843,0.3572,False,False,False,False,28.5
2026-05-18T15:29:19.420,0.3320,0.3638,False,False,False,False,28.1
2026-05-18T15:29:20.384,0.2975,0.3920,False,False,False,False,20.1
2026-05-18T15:29:21.277,0.2796,0.3962,False,False,False,False,16.1
2026-05-18T15:29:21.967,0.2854,0.3916,False,False,False,False,19.1
2026-05-18T15:29:22.607,0.3036,0.4117,False,False,False,False,22.7
2026-05-18T15:29:23.214,0.2478,0.3628,True,False,False,False,24.5
2026-05-18T15:29:23.794,0.3118,0.3912,False,False,False,False,25.9
2026-05-18T15:29:24.785,0.2893,0.3908,False,False,False,False,19.3
2026-05-18T15:29:25.394,0.3002,0.3414,False,False,False,False,18.7
2026-05-18T15:29:25.988,0.2533,0.3208,False,False,False,False,25.1
2026-05-18T15:29:26.576,0.2407,0.3379,True,False,False,False,25.8
2026-05-18T15:29:27.196,0.2149,0.3769,True,False,False,False,25.3
2026-05-18T15:29:28.100,0.2280,0.3043,True,False,True,True,20.5
2026-05-18T15:29:28.828,0.1983,0.3586,True,False,True,True,18.4
2026-05-18T15:29:29.501,0.2022,0.3755,True,False,True,True,22.0
2026-05-18T15:29:30.113,0.2051,0.3463,True,False,True,True,23.5
2026-05-18T15:29:30.715,0.1952,0.3296,True,False,True,True,25.1
2026-05-18T15:29:31.465,0.2151,0.3771,True,False,True,True,23.3
2026-05-18T15:29:32.379,0.2105,0.3501,True,False,True,True,18.3
2026-05-18T15:29:33.044,0.2508,0.3339,False,False,False,False,19.6
2026-05-18T15:29:33.595,0.2704,0.3374,False,False,False,False,25.3
2026-05-18T15:29:34.179,0.2751,0.3296,False,False,False,False,26.9
2026-05-18T15:29:34.796,0.2311,0.3421,True,False,False,False,25.3
2026-05-18T15:29:35.675,0.2317,0.3740,True,False,False,False,20.4
2026-05-18T15:29:36.730,0.2309,0.4159,True,False,False,False,15.4
2026-05-18T15:29:37.309,0.2402,0.4261,True,False,False,False,18.6
2026-05-18T15:29:37.876,0.2343,0.4659,True,False,False,False,26.6
2026-05-18T15:29:38.407,0.0000,0.0000,False,False,False,False,27.7
2026-05-18T15:29:39.258,0.1495,0.3748,True,False,False,False,22.1
2026-05-18T15:29:39.851,0.2208,0.3244,True,False,False,False,20.8
2026-05-18T15:29:40.501,0.1833,0.3252,True,False,False,False,24.5
2026-05-18T15:29:41.129,0.2403,0.3087,True,False,False,False,23.6
2026-05-18T15:29:41.925,0.2435,0.3594,True,False,False,False,21.2
2026-05-18T15:29:42.771,0.0000,0.0000,False,False,False,False,18.5
2026-05-18T15:29:43.416,0.0000,0.0000,False,False,False,False,20.2
2026-05-18T15:29:43.993,0.2952,0.3122,False,False,False,False,25.0
2026-05-18T15:29:44.520,0.2777,0.3502,False,False,False,False,27.6
2026-05-18T15:29:45.127,0.2506,0.3843,False,False,False,False,26.9
2026-05-18T15:29:45.763,0.2598,0.3724,False,False,False,False,24.5
2026-05-18T15:29:46.632,0.2707,0.3656,False,False,False,False,20.4
2026-05-18T15:29:47.271,0.0000,0.0000,False,False,False,False,19.8
2026-05-18T15:29:47.793,0.0000,0.0000,False,False,False,False,25.8
2026-05-18T15:29:48.353,0.0000,0.0000,False,False,False,False,28.2
2026-05-18T15:29:48.866,0.0000,0.0000,False,False,False,False,28.3
2026-05-18T15:29:49.426,0.0000,0.0000,False,False,False,False,28.4
2026-05-18T15:29:50.045,0.0000,0.0000,False,False,False,False,26.0
2026-05-18T15:29:51.276,0.0000,0.0000,False,False,False,False,16.4
2026-05-18T15:29:52.121,0.0000,0.0000,False,False,False,False,14.3
2026-05-18T15:29:52.660,0.0000,0.0000,False,False,False,False,21.8
2026-05-18T15:29:53.174,0.0000,0.0000,False,False,False,False,29.3
2026-05-18T15:29:53.703,0.0000,0.0000,False,False,False,False,29.0
2026-05-18T15:29:54.223,0.0000,0.0000,False,False,False,False,28.9
2026-05-18T15:29:55.013,0.0000,0.0000,False,False,False,False,23.7
2026-05-18T15:29:55.654,0.0000,0.0000,False,False,False,False,20.9
2026-05-18T15:29:56.181,0.0000,0.0000,False,False,False,False,25.8
2026-05-18T15:29:56.692,0.0000,0.0000,False,False,False,False,29.3
2026-05-18T15:29:57.206,0.0000,0.0000,False,False,False,False,29.5
2026-05-18T15:29:57.722,0.0000,0.0000,False,False,False,False,29.5
2026-05-18T15:29:58.279,0.0000,0.0000,False,False,False,False,29.1
2026-05-18T15:29:59.009,0.0000,0.0000,False,False,False,False,23.7
2026-05-18T15:29:59.619,0.0000,0.0000,False,False,False,False,22.5
2026-05-18T15:30:00.132,0.0000,0.0000,False,False,False,False,27.0
2026-05-18T15:30:00.642,0.0000,0.0000,False,False,False,False,29.5
2026-05-18T15:30:01.205,0.0000,0.0000,False,False,False,False,28.3
2026-05-18T15:30:01.711,0.0000,0.0000,False,False,False,False,28.3
2026-05-18T15:30:02.372,0.0000,0.0000,False,False,False,False,26.3
2026-05-18T15:30:02.930,0.0000,0.0000,False,False,False,False,24.7
2026-05-18T15:30:03.482,0.0000,0.0000,False,False,False,False,27.4
2026-05-18T15:30:04.023,0.0000,0.0000,False,False,False,False,27.9
2026-05-18T15:30:04.547,0.0000,0.0000,False,False,False,False,28.6
2026-05-18T15:30:05.060,0.0000,0.0000,False,False,False,False,29.6
2026-05-18T15:30:05.619,0.0000,0.0000,False,False,False,False,28.3
2026-05-18T15:30:06.388,0.0000,0.0000,False,False,False,False,22.7
2026-05-18T15:30:06.912,0.0000,0.0000,False,False,False,False,23.3
2026-05-18T15:30:07.508,0.0000,0.0000,False,False,False,False,26.9
2026-05-18T15:30:08.052,0.0000,0.0000,False,False,False,False,26.8
2026-05-18T15:30:08.573,0.0000,0.0000,False,False,False,False,28.3
2026-05-18T15:30:09.092,0.2432,0.3577,True,False,False,False,29.3
2026-05-18T15:30:09.747,0.0000,0.0000,False,False,False,False,26.1
2026-05-18T15:30:10.388,0.2678,0.3660,False,False,False,False,23.4
2026-05-18T15:30:10.957,0.2588,0.3265,False,False,False,False,25.1
2026-05-18T15:30:11.458,0.0000,0.0000,False,False,False,False,28.2
2026-05-18T15:30:12.428,0.0000,0.0000,False,False,False,False,20.2
2026-05-18T15:30:13.411,0.2789,0.3787,False,False,False,False,15.6
2026-05-18T15:30:14.093,0.0000,0.0000,False,False,False,False,18.3
2026-05-18T15:30:14.755,0.2571,0.3745,False,False,False,False,22.4
2026-05-18T15:30:15.308,0.0000,0.0000,False,False,False,False,25.1
2026-05-18T15:30:15.817,0.0000,0.0000,False,False,False,False,28.8
2026-05-18T15:30:16.317,0.0000,0.0000,False,False,False,False,30.5
2026-05-18T15:30:16.936,0.1875,0.3829,True,False,False,False,28.3
2026-05-18T15:30:17.791,0.2159,0.3818,True,False,False,False,20.7
2026-05-18T15:30:18.341,0.1937,0.3516,True,False,False,False,21.4
2026-05-18T15:30:18.942,0.2142,0.3288,True,False,True,True,26.6
2026-05-18T15:30:19.591,0.0000,0.0000,False,False,False,False,23.7
2026-05-18T15:30:21.490,0.3221,0.2795,False,False,False,False,11.6
2026-05-18T15:30:22.934,0.0000,0.0000,False,False,False,False,8.8
2026-05-18T15:30:24.445,0.0000,0.0000,False,False,False,False,10.3
2026-05-18T15:30:25.542,0.2973,0.3369,False,False,False,False,11.8
2026-05-18T15:30:27.500,0.3119,0.2481,False,False,False,False,9.7
2026-05-18T15:30:29.439,0.3156,0.2274,False,False,False,False,7.7
2026-05-18T15:30:31.436,0.2464,0.2993,True,False,False,False,7.7
2026-05-18T15:30:33.351,0.2841,0.2188,False,False,False,False,7.7
2026-05-18T15:30:35.324,0.3190,0.2138,False,False,False,False,7.6
2026-05-18T15:30:36.046,0.2873,0.3415,False,False,False,False,11.4
2026-05-18T15:30:36.589,0.2842,0.3411,False,False,False,False,25.5
2026-05-18T15:30:37.128,0.2816,0.2941,False,False,False,False,28.2
2026-05-18T15:30:37.638,0.2748,0.3571,False,False,False,False,29.2
2026-05-18T15:30:38.224,0.2524,0.3717,False,False,False,False,28.5
2026-05-18T15:30:38.907,0.0000,0.0000,False,False,False,False,23.9
2026-05-18T15:30:39.410,0.0000,0.0000,False,False,False,False,25.5
2026-05-18T15:30:39.939,0.0000,0.0000,False,False,False,False,29.4
2026-05-18T15:30:40.434,0.0000,0.0000,False,False,False,False,29.4
2026-05-18T15:30:40.928,0.0000,0.0000,False,False,False,False,30.7
2026-05-18T15:30:41.555,0.0000,0.0000,False,False,False,False,27.0
2026-05-18T15:30:42.132,0.0000,0.0000,False,False,False,False,25.7
2026-05-18T15:30:42.725,0.0000,0.0000,False,False,False,False,25.9
2026-05-18T15:30:43.286,0.2355,0.3924,True,False,False,False,26.4
2026-05-18T15:30:43.827,0.2432,0.3534,True,False,False,False,27.7
2026-05-18T15:30:44.406,0.2748,0.4021,False,False,False,False,27.0
2026-05-18T15:30:44.930,0.0000,0.0000,False,False,False,False,28.0
2026-05-18T15:30:45.423,0.0000,0.0000,False,False,False,False,30.1
2026-05-18T15:30:46.274,0.2849,0.3471,False,False,False,False,22.5
2026-05-18T15:30:46.823,0.2497,0.3422,True,False,False,False,21.7
2026-05-18T15:30:47.392,0.2194,0.3681,True,False,False,False,27.5
2026-05-18T15:30:47.952,0.0000,0.0000,False,False,False,False,27.0
2026-05-18T15:30:48.433,0.0000,0.0000,False,False,False,False,29.3
2026-05-18T15:30:48.935,0.0000,0.0000,False,False,False,False,30.8
2026-05-18T15:30:49.598,0.0000,0.0000,False,False,False,False,26.0
2026-05-18T15:30:50.318,0.0000,0.0000,False,False,False,False,21.8
2026-05-18T15:30:50.815,0.1891,0.3794,True,False,False,False,25.2
2026-05-18T15:30:51.325,0.1680,0.3635,True,False,True,True,30.5
2026-05-18T15:30:51.861,0.2106,0.3776,True,False,True,True,29.3
2026-05-18T15:30:52.442,0.2039,0.3865,True,False,True,True,27.4
2026-05-18T15:30:53.114,0.2167,0.3812,True,False,False,False,24.5
2026-05-18T15:30:53.850,0.2595,0.3540,False,False,False,False,21.6
2026-05-18T15:30:54.400,0.2754,0.3988,False,False,False,False,23.5
2026-05-18T15:30:54.912,0.2830,0.3619,False,False,False,False,28.8
2026-05-18T15:30:55.420,0.3182,0.3547,False,False,False,False,29.9
2026-05-18T15:30:55.910,0.3047,0.3417,False,False,False,False,30.8
2026-05-18T15:30:56.409,0.2823,0.3580,False,False,False,False,31.2
2026-05-18T15:30:57.378,0.2816,0.3051,False,False,False,False,20.7
2026-05-18T15:30:58.013,0.3009,0.3010,False,False,False,False,18.9
2026-05-18T15:30:58.506,0.2789,0.3048,False,False,False,False,27.1
2026-05-18T15:30:59.027,0.2538,0.3254,False,False,False,False,30.2
2026-05-18T15:30:59.660,0.2584,0.4113,False,False,False,False,26.7
2026-05-18T15:31:00.235,0.2515,0.3574,False,False,False,False,25.3
2026-05-18T15:31:00.923,0.2407,0.3850,True,False,False,False,24.4
2026-05-18T15:31:01.613,0.2264,0.3870,True,False,False,False,22.2
2026-05-18T15:31:02.419,0.2572,0.4007,False,False,False,False,20.1
2026-05-18T15:31:02.922,0.2689,0.3985,False,False,False,False,23.0
2026-05-18T15:31:03.417,0.2831,0.3868,False,False,False,False,30.5
2026-05-18T15:31:03.915,0.2436,0.3641,True,False,False,False,30.6
2026-05-18T15:31:04.605,0.2362,0.3799,True,False,False,False,26.2
2026-05-18T15:31:05.295,0.2561,0.3806,False,False,False,False,22.0
2026-05-18T15:31:05.819,0.2634,0.4546,False,False,False,False,25.1
2026-05-18T15:31:06.317,0.2409,0.3772,True,False,False,False,29.8
2026-05-18T15:31:06.829,0.2438,0.5263,True,False,False,False,30.6
2026-05-18T15:31:07.360,0.2539,0.3340,False,False,False,False,29.2
2026-05-18T15:31:07.892,0.2684,0.3426,False,False,False,False,29.6
2026-05-18T15:31:08.717,0.2292,0.4346,True,False,False,False,22.6
2026-05-18T15:31:09.275,0.2562,0.3507,False,False,False,False,21.8
2026-05-18T15:31:09.815,0.2158,0.3967,True,False,False,False,27.6
2026-05-18T15:31:10.305,0.0000,0.0000,False,False,False,False,29.9
2026-05-18T15:31:11.171,0.2600,0.5025,False,False,False,False,22.3
2026-05-18T15:31:11.998,0.2977,0.5335,False,False,False,False,17.9
2026-05-18T15:31:12.636,0.2935,0.5574,False,False,False,False,20.8
2026-05-18T15:31:13.209,0.3176,0.4468,False,False,False,False,25.0
2026-05-18T15:31:13.722,0.3472,0.2803,False,False,False,False,27.8
2026-05-18T15:31:14.223,0.3345,0.3664,False,False,False,False,30.2
2026-05-18T15:31:14.710,0.0000,0.0000,False,False,False,False,30.9
2026-05-18T15:31:15.212,0.0000,0.0000,False,False,False,False,31.1
2026-05-18T15:31:16.042,0.3299,0.7301,False,False,False,False,22.9
2026-05-18T15:31:16.582,0.0000,0.0000,False,False,False,False,22.0
2026-05-18T15:31:17.124,0.2742,0.5767,False,False,False,False,28.2
2026-05-18T15:31:17.677,0.3108,0.4879,False,False,False,False,27.9
2026-05-18T15:31:18.197,0.3312,0.7650,False,False,False,False,28.7
2026-05-18T15:31:18.734,0.3153,0.7761,False,False,False,False,29.1
2026-05-18T15:31:19.491,0.3463,0.9195,False,False,False,False,23.9
2026-05-18T15:31:20.186,0.3610,0.8477,False,False,False,False,21.1
2026-05-18T15:31:20.824,0.3632,0.8393,False,True,False,True,22.7
2026-05-18T15:31:21.486,0.3427,0.7400,False,False,False,False,23.2
2026-05-18T15:31:22.041,0.3380,0.4063,False,False,False,False,25.2
2026-05-18T15:31:22.581,0.2886,0.3522,False,False,False,False,28.1
2026-05-18T15:31:23.434,0.2607,0.3472,False,False,False,False,22.0
2026-05-18T15:31:24.106,0.2363,0.3450,True,False,False,False,19.8
2026-05-18T15:31:24.665,0.2591,0.3420,False,False,False,False,24.5
2026-05-18T15:31:25.223,0.2482,0.3348,True,False,False,False,27.5
2026-05-18T15:31:25.796,0.2692,0.3458,False,False,False,False,27.0
2026-05-18T15:31:26.321,0.0000,0.0000,False,False,False,False,27.6
2026-05-18T15:31:27.033,0.0000,0.0000,False,False,False,False,24.9
2026-05-18T15:31:27.538,0.0000,0.0000,False,False,False,False,25.2
2026-05-18T15:31:28.038,0.0000,0.0000,False,False,False,False,30.4
2026-05-18T15:31:28.609,0.3139,0.4211,False,False,False,False,28.3
2026-05-18T15:31:29.149,0.3615,0.3678,False,False,False,False,27.7
2026-05-18T15:31:29.646,0.3615,0.3680,False,False,False,False,29.2
2026-05-18T15:31:30.170,0.3880,0.3468,False,False,False,False,29.9
2026-05-18T15:31:30.977,0.3705,0.3066,False,False,False,False,22.8
2026-05-18T15:31:31.525,0.3861,0.3379,False,False,False,False,22.4
2026-05-18T15:31:32.040,0.3174,0.3619,False,False,False,False,29.4
2026-05-18T15:31:32.568,0.3545,0.3622,False,False,False,False,29.4
2026-05-18T15:31:33.087,0.3599,0.3837,False,False,False,False,29.2
2026-05-18T15:31:33.596,0.3514,0.3864,False,False,False,False,29.6
2026-05-18T15:31:34.298,0.3504,0.3913,False,False,False,False,25.7
2026-05-18T15:31:34.973,0.3615,0.3745,False,False,False,False,22.0
2026-05-18T15:31:35.487,0.2285,0.3128,True,False,False,False,25.5
2026-05-18T15:31:36.020,0.2678,0.3167,False,False,False,False,29.0
2026-05-18T15:31:36.526,0.2795,0.3299,False,False,False,False,29.8
2026-05-18T15:31:37.041,0.2729,0.3295,False,False,False,False,30.0
2026-05-18T15:31:37.821,0.2537,0.3452,False,False,False,False,23.8
2026-05-18T15:31:38.528,0.2787,0.3298,False,False,False,False,20.3
2026-05-18T15:31:39.122,0.2678,0.3107,False,False,False,False,23.3
2026-05-18T15:31:39.651,0.2984,0.3140,False,False,False,False,27.3
2026-05-18T15:31:40.162,0.2791,0.3176,False,False,False,False,29.4
2026-05-18T15:31:40.696,0.2300,0.3374,True,False,False,False,29.7
2026-05-18T15:31:41.244,0.2653,0.3336,False,False,False,False,28.6
2026-05-18T15:31:42.100,0.2731,0.3260,False,False,False,False,21.7
2026-05-18T15:31:42.649,0.3352,0.3484,False,False,False,False,21.6
2026-05-18T15:31:43.158,0.2242,0.3295,True,False,False,False,28.9
2026-05-18T15:31:43.674,0.3449,0.3487,False,False,False,False,29.9
2026-05-18T15:31:44.215,0.4105,0.3276,False,False,False,False,29.2
2026-05-18T15:31:44.766,0.2920,0.3444,False,False,False,False,27.8
2026-05-18T15:31:45.588,0.3511,0.3927,False,False,False,False,22.1
2026-05-18T15:31:46.187,0.3214,0.5149,False,False,False,False,21.2
2026-05-18T15:31:46.756,0.2773,0.4692,False,False,False,False,25.9
2026-05-18T15:31:47.284,0.2855,0.4903,False,False,False,False,28.0
2026-05-18T15:31:47.801,0.3108,0.5530,False,False,False,False,29.7
2026-05-18T15:31:48.337,0.3185,0.9741,False,False,False,False,29.0
2026-05-18T15:31:49.137,0.3232,0.7974,False,False,False,False,23.0
2026-05-18T15:31:49.770,0.3080,0.8456,False,False,False,False,20.9
2026-05-18T15:31:50.361,0.2810,0.8993,False,True,False,True,25.0
2026-05-18T15:31:50.896,0.3207,0.3704,False,False,False,False,26.9
2026-05-18T15:31:51.454,0.2959,0.3708,False,False,False,False,28.1
2026-05-18T15:31:51.969,0.2585,0.3474,False,False,False,False,28.5
2026-05-18T15:31:52.686,0.3072,0.3515,False,False,False,False,24.9
2026-05-18T15:31:53.403,0.2674,0.3265,False,False,False,False,21.1
2026-05-18T15:31:53.974,0.2503,0.3699,False,False,False,False,23.4
2026-05-18T15:31:54.510,0.2555,0.3946,False,False,False,False,27.5
2026-05-18T15:31:55.026,0.2707,0.4312,False,False,False,False,29.4
2026-05-18T15:31:55.555,0.3163,0.3887,False,False,False,False,29.3
2026-05-18T15:31:56.169,0.0000,0.0000,False,False,False,False,27.4
2026-05-18T15:31:56.889,0.0000,0.0000,False,False,False,False,22.8
2026-05-18T15:31:57.408,0.0000,0.0000,False,False,False,False,24.3
2026-05-18T15:31:57.906,0.2607,0.2992,False,False,False,False,29.7
2026-05-18T15:31:58.404,0.0000,0.0000,False,False,False,False,30.5
2026-05-18T15:31:58.913,0.0000,0.0000,False,False,False,False,29.9
2026-05-18T15:31:59.412,0.0000,0.0000,False,False,False,False,30.4
2026-05-18T15:32:00.005,0.0000,0.0000,False,False,False,False,28.3
2026-05-18T15:32:00.791,0.0000,0.0000,False,False,False,False,22.4
2026-05-18T15:32:01.471,0.0000,0.0000,False,False,False,False,21.5
2026-05-18T15:32:02.035,0.2242,0.4923,True,False,False,False,24.6
2026-05-18T15:32:02.608,0.2596,0.3934,False,False,False,False,27.1
2026-05-18T15:32:03.126,0.0000,0.0000,False,False,False,False,27.7
2026-05-18T15:32:03.739,0.0000,0.0000,False,False,False,False,27.5
2026-05-18T15:32:04.471,0.0000,0.0000,False,False,False,False,22.5
2026-05-18T15:32:05.073,0.1698,0.2843,True,False,False,False,22.6
2026-05-18T15:32:05.629,0.1674,0.2499,True,False,False,False,26.4
2026-05-18T15:32:06.239,0.2093,0.2469,True,False,True,True,26.0
2026-05-18T15:32:06.891,0.1872,0.2977,True,False,False,False,24.1
2026-05-18T15:32:07.654,0.0000,0.0000,False,False,False,True,22.0
2026-05-18T15:32:08.450,0.0000,0.0000,False,False,False,False,19.3
2026-05-18T15:32:09.046,0.3050,0.3838,False,False,False,False,21.9
2026-05-18T15:32:09.547,0.0000,0.0000,False,False,False,False,27.9
2026-05-18T15:32:10.090,0.0000,0.0000,False,False,False,False,29.2
2026-05-18T15:32:10.615,0.0000,0.0000,False,False,False,False,28.5
2026-05-18T15:32:11.150,0.3062,0.4099,False,False,False,False,29.9
2026-05-18T15:32:12.010,0.0000,0.0000,False,False,False,False,21.6
2026-05-18T15:32:12.851,0.2236,0.3437,True,False,False,False,17.9
2026-05-18T15:32:13.397,0.0000,0.0000,False,False,False,False,22.2
2026-05-18T15:32:13.946,0.2656,0.3532,False,False,False,False,27.9
2026-05-18T15:32:14.540,0.2370,0.4049,True,False,False,False,27.2
2026-05-18T15:32:15.171,0.0000,0.0000,False,False,False,False,25.4
2026-05-18T15:32:15.733,0.0000,0.0000,False,False,False,False,25.3
2026-05-18T15:32:16.289,0.0000,0.0000,False,False,False,False,27.0
2026-05-18T15:32:16.784,0.3043,0.4628,False,False,False,False,29.3
2026-05-18T15:32:17.284,0.0000,0.0000,False,False,False,False,30.4
2026-05-18T15:32:17.781,0.0000,0.0000,False,False,False,False,30.6
2026-05-18T15:32:18.321,0.0000,0.0000,False,False,False,False,29.5
2026-05-18T15:32:19.120,0.0000,0.0000,False,False,False,False,23.1
2026-05-18T15:32:20.057,0.0000,0.0000,False,False,False,False,17.1
2026-05-18T15:32:21.050,0.3539,0.3503,False,False,False,False,15.5
2026-05-18T15:32:22.059,0.3785,0.3164,False,False,False,False,15.0
2026-05-18T15:32:23.075,0.3447,0.3318,False,False,False,False,15.0
2026-05-18T15:32:24.069,0.3509,0.3316,False,False,False,False,14.9
2026-05-18T15:32:25.066,0.3865,0.3218,False,False,False,False,15.1
2026-05-18T15:32:26.109,0.2170,0.3312,True,False,False,False,14.9
2026-05-18T15:32:27.080,0.3459,0.3612,False,False,False,False,15.0
2026-05-18T15:32:28.072,0.1924,0.3657,True,False,False,False,15.2
2026-05-18T15:32:29.084,0.2516,0.3718,False,False,False,False,15.0
2026-05-18T15:32:30.091,0.2657,0.4145,False,False,False,False,15.1
2026-05-18T15:32:30.787,0.3437,0.3843,False,False,False,False,17.8
2026-05-18T15:32:31.387,0.3303,0.4622,False,False,False,False,23.4
2026-05-18T15:32:32.009,0.2912,0.4234,False,False,False,False,24.8
2026-05-18T15:32:32.679,0.2941,0.4478,False,False,False,False,23.4
2026-05-18T15:32:33.704,0.3462,0.4776,False,False,False,False,18.3
2026-05-18T15:32:34.674,0.3800,0.4776,False,False,False,False,15.0
2026-05-18T15:32:35.662,0.1744,0.4868,True,False,False,False,15.3
2026-05-18T15:32:36.671,0.3818,0.3292,False,False,False,False,15.0
2026-05-18T15:32:37.762,0.3273,0.3141,False,False,False,False,14.5
2026-05-18T15:32:38.750,0.3373,0.3056,False,False,False,False,14.4
2026-05-18T15:32:39.742,0.3386,0.3159,False,False,False,False,15.1
2026-05-18T15:32:40.771,0.3500,0.4129,False,False,False,False,15.0
2026-05-18T15:32:41.479,0.2644,0.4168,False,False,False,False,17.5
2026-05-18T15:32:42.157,0.2601,0.3743,False,False,False,False,21.7
2026-05-18T15:32:43.105,0.0000,0.0000,False,False,False,False,18.4
2026-05-18T15:32:44.112,0.0000,0.0000,False,False,False,False,15.2
2026-05-18T15:32:45.005,0.0000,0.0000,False,False,False,False,15.9
2026-05-18T15:32:45.527,0.0000,0.0000,False,False,False,False,21.6
2026-05-18T15:32:46.020,0.0000,0.0000,False,False,False,False,29.9
2026-05-18T15:32:46.521,0.0000,0.0000,False,False,False,False,31.0
2026-05-18T15:32:47.032,0.2324,0.3343,True,False,False,False,30.0
2026-05-18T15:32:47.563,0.1963,0.3958,True,False,False,False,29.4
2026-05-18T15:32:48.217,0.2512,0.4399,False,False,False,False,26.0
2026-05-18T15:32:48.909,0.2677,0.3536,False,False,False,False,22.7
2026-05-18T15:32:49.513,0.2270,0.3179,True,False,False,False,23.4
2026-05-18T15:32:50.146,0.2343,0.3949,True,False,True,True,24.7
2026-05-18T15:32:50.774,0.2654,0.3153,False,False,False,False,24.1
2026-05-18T15:32:51.772,0.2206,0.3151,True,False,False,False,19.1
2026-05-18T15:32:52.723,0.1534,0.3415,True,False,False,False,15.4
2026-05-18T15:32:53.732,0.2510,0.4353,False,False,False,False,15.1
2026-05-18T15:32:54.729,0.2441,0.4861,True,False,False,False,15.0
2026-05-18T15:32:55.876,0.1971,0.4908,True,False,False,False,14.3
2026-05-18T15:32:56.870,0.2702,0.5378,False,False,False,False,14.0
2026-05-18T15:32:57.881,0.2452,0.4724,True,False,False,False,14.8
2026-05-18T15:32:58.885,0.2779,0.3113,False,False,False,False,14.9
2026-05-18T15:32:59.896,0.2271,0.3293,True,False,False,False,15.0
2026-05-18T15:33:00.886,0.2709,0.3070,False,False,False,False,15.0
2026-05-18T15:33:01.892,0.2705,0.4241,False,False,False,False,15.0
2026-05-18T15:33:02.927,0.2730,0.3334,False,False,False,False,14.9
2026-05-18T15:33:03.903,0.1764,0.3334,True,False,False,False,15.0
2026-05-18T15:33:04.900,0.1673,0.3184,True,False,False,False,15.1
2026-05-18T15:33:05.912,0.1743,0.3301,True,False,True,True,14.9
2026-05-18T15:33:06.957,0.3633,0.3221,False,False,False,False,14.7
2026-05-18T15:33:07.914,0.2419,0.3294,True,False,False,False,15.0
2026-05-18T15:33:08.917,0.2300,0.3254,True,False,False,False,15.1
2026-05-18T15:33:09.911,0.3803,0.3335,False,False,False,False,15.0
2026-05-18T15:33:10.926,0.2415,0.3416,True,False,False,False,15.0
2026-05-18T15:33:11.928,0.3175,0.3534,False,False,False,False,15.0
2026-05-18T15:33:12.919,0.2886,0.3938,False,False,False,False,15.0
2026-05-18T15:33:13.962,0.3555,0.4473,False,False,False,False,15.0
2026-05-18T15:33:14.929,0.2748,0.4168,False,False,False,False,15.2
2026-05-18T15:33:15.445,0.2075,0.2694,True,False,False,False,20.5
2026-05-18T15:33:16.005,0.3137,0.5558,False,False,False,False,28.6
2026-05-18T15:33:16.517,0.1781,0.5422,True,False,False,False,28.5
2026-05-18T15:33:17.111,0.2256,0.4374,True,False,True,True,27.6
2026-05-18T15:33:18.020,0.2011,0.4649,True,False,True,True,20.2
2026-05-18T15:33:18.833,0.1848,0.4670,True,False,True,True,17.6
2026-05-18T15:33:19.483,0.0000,0.0000,False,False,False,True,20.5
2026-05-18T15:33:20.152,0.1968,0.3936,True,False,False,False,23.1
2026-05-18T15:33:20.721,0.1998,0.3846,True,False,False,False,24.6
2026-05-18T15:33:21.760,0.1891,0.3890,True,False,True,True,19.0
2026-05-18T15:33:22.676,0.1749,0.3614,True,False,True,True,15.3
2026-05-18T15:33:23.405,0.2716,0.3022,False,False,False,False,18.2
2026-05-18T15:33:23.969,0.3275,0.4096,False,False,False,False,23.4
2026-05-18T15:33:24.516,0.3089,0.4028,False,False,False,False,27.4
2026-05-18T15:33:25.323,0.3076,0.4013,False,False,False,False,22.8
2026-05-18T15:33:26.004,0.2601,0.2818,False,False,False,False,20.3
2026-05-18T15:33:26.683,0.2544,0.3054,False,False,False,False,22.2
2026-05-18T15:33:27.340,0.2568,0.2896,False,False,False,False,22.6
2026-05-18T15:33:27.911,0.2500,0.2524,True,False,False,False,25.3
